timestamp,hostname,task_id,ntmpi,ntomp,gpu_count,dlb,notunepme,pin,runtime_sec,performance_ns_day,status,command
2025-12-07 17:50:00,akya2,0,2,10,1,yes,0,0,75,128.629,Success,"gmx mdrun -s md_0_250ns_nohmr.tpr -ntmpi 2 -ntomp 10 -nb gpu -pme gpu -bonded gpu -npme 1 -gpu_id 0 -nsteps 50000 -noconfout -dlb yes"
2025-12-08 00:34:20,akya5,100,4,9,2,yes,0,0,62,163.931,Success,"gmx mdrun -s md_0_250ns_nohmr.tpr -ntmpi 4 -ntomp 9 -nb gpu -pme gpu -bonded gpu -npme 1 -gpu_id 01 -nsteps 50000 -noconfout -dlb yes"
2025-12-08 00:35:12,akya9,101,4,9,2,yes,1,1,53,194.370,Success,"gmx mdrun -s md_0_250ns_nohmr.tpr -ntmpi 4 -ntomp 9 -nb gpu -pme gpu -bonded gpu -npme 1 -gpu_id 01 -nsteps 50000 -noconfout -dlb yes -notunepme -pin on"
2025-12-08 00:36:02,akya5,102,4,10,1,yes,0,1,73,134.636,Success,"gmx mdrun -s md_0_250ns_nohmr.tpr -ntmpi 4 -ntomp 10 -nb gpu -pme gpu -bonded gpu -npme 1 -gpu_id 0 -nsteps 50000 -noconfout -dlb yes -pin on"
2025-12-08 00:36:18,akya9,103,4,10,1,yes,1,0,58,173.488,Success,"gmx mdrun -s md_0_250ns_nohmr.tpr -ntmpi 4 -ntomp 10 -nb gpu -pme gpu -bonded cpu -npme 1 -gpu_id 0 -nsteps 50000 -noconfout -dlb yes -notunepme"
2025-12-08 00:37:50,akya5,106,4,10,2,yes,0,1,59,169.607,Success,"gmx mdrun -s md_0_250ns_nohmr.tpr -ntmpi 4 -ntomp 10 -nb gpu -pme gpu -bonded gpu -npme 1 -gpu_id 01 -nsteps 50000 -noconfout -dlb yes -pin on"
2025-12-08 00:37:56,akya9,107,5,4,1,yes,1,0,65,149.831,Success,"gmx mdrun -s md_0_250ns_nohmr.tpr -ntmpi 5 -ntomp 4 -nb gpu -pme gpu -bonded gpu -npme 1 -gpu_id 0 -nsteps 50000 -noconfout -dlb yes -notunepme"
2025-12-08 00:39:26,akya5,108,5,4,1,yes,0,0,64,153.641,Success,"gmx mdrun -s md_0_250ns_nohmr.tpr -ntmpi 5 -ntomp 4 -nb gpu -pme gpu -bonded cpu -npme 1 -gpu_id 0 -nsteps 50000 -noconfout -dlb yes"
2025-12-08 00:39:26,akya9,109,5,4,1,yes,1,1,64,152.508,Success,"gmx mdrun -s md_0_250ns_nohmr.tpr -ntmpi 5 -ntomp 4 -nb gpu -pme gpu -bonded cpu -npme 1 -gpu_id 0 -nsteps 50000 -noconfout -dlb yes -notunepme -pin on"
2025-12-07 17:55:16,akya9,10,2,11,2,yes,0,1,58,172.426,Success,"gmx mdrun -s md_0_250ns_nohmr.tpr -ntmpi 2 -ntomp 11 -nb gpu -pme gpu -bonded gpu -npme 1 -gpu_id 01 -nsteps 50000 -noconfout -dlb yes -pin on"
2025-12-08 00:41:28,akya5,112,5,5,1,yes,0,0,65,153.124,Success,"gmx mdrun -s md_0_250ns_nohmr.tpr -ntmpi 5 -ntomp 5 -nb gpu -pme gpu -bonded gpu -npme 1 -gpu_id 0 -nsteps 50000 -noconfout -dlb yes"
2025-12-08 00:41:27,akya9,113,5,5,1,yes,1,1,64,156.926,Success,"gmx mdrun -s md_0_250ns_nohmr.tpr -ntmpi 5 -ntomp 5 -nb gpu -pme gpu -bonded gpu -npme 1 -gpu_id 0 -nsteps 50000 -noconfout -dlb yes -notunepme -pin on"
2025-12-08 00:42:59,akya5,114,5,5,1,yes,0,1,65,154.957,Success,"gmx mdrun -s md_0_250ns_nohmr.tpr -ntmpi 5 -ntomp 5 -nb gpu -pme gpu -bonded cpu -npme 1 -gpu_id 0 -nsteps 50000 -noconfout -dlb yes -pin on"
2025-12-08 00:44:29,akya5,118,5,6,1,yes,0,1,64,155.764,Success,"gmx mdrun -s md_0_250ns_nohmr.tpr -ntmpi 5 -ntomp 6 -nb gpu -pme gpu -bonded gpu -npme 1 -gpu_id 0 -nsteps 50000 -noconfout -dlb yes -pin on"
2025-12-08 00:44:26,akya9,119,5,6,1,yes,1,0,61,165.074,Success,"gmx mdrun -s md_0_250ns_nohmr.tpr -ntmpi 5 -ntomp 6 -nb gpu -pme gpu -bonded cpu -npme 1 -gpu_id 0 -nsteps 50000 -noconfout -dlb yes -notunepme"
2025-12-07 17:55:58,akya2,11,2,12,1,yes,1,0,70,139.453,Success,"gmx mdrun -s md_0_250ns_nohmr.tpr -ntmpi 2 -ntomp 12 -nb gpu -pme gpu -bonded gpu -npme 1 -gpu_id 0 -nsteps 50000 -noconfout -dlb yes -notunepme"
2025-12-08 00:46:29,akya9,123,5,7,1,yes,1,0,63,159.102,Success,"gmx mdrun -s md_0_250ns_nohmr.tpr -ntmpi 5 -ntomp 7 -nb gpu -pme gpu -bonded gpu -npme 1 -gpu_id 0 -nsteps 50000 -noconfout -dlb yes -notunepme"
2025-12-08 00:47:01,akya5,124,5,7,1,yes,0,0,64,154.598,Success,"gmx mdrun -s md_0_250ns_nohmr.tpr -ntmpi 5 -ntomp 7 -nb gpu -pme gpu -bonded cpu -npme 1 -gpu_id 0 -nsteps 50000 -noconfout -dlb yes"
2025-12-08 00:47:58,akya9,125,5,7,1,yes,1,1,60,167.426,Success,"gmx mdrun -s md_0_250ns_nohmr.tpr -ntmpi 5 -ntomp 7 -nb gpu -pme gpu -bonded cpu -npme 1 -gpu_id 0 -nsteps 50000 -noconfout -dlb yes -notunepme -pin on"
2025-12-08 00:49:33,akya5,128,5,8,1,yes,0,0,64,153.986,Success,"gmx mdrun -s md_0_250ns_nohmr.tpr -ntmpi 5 -ntomp 8 -nb gpu -pme gpu -bonded gpu -npme 1 -gpu_id 0 -nsteps 50000 -noconfout -dlb yes"
2025-12-08 00:49:33,akya9,129,5,8,1,yes,1,1,64,155.018,Success,"gmx mdrun -s md_0_250ns_nohmr.tpr -ntmpi 5 -ntomp 8 -nb gpu -pme gpu -bonded gpu -npme 1 -gpu_id 0 -nsteps 50000 -noconfout -dlb yes -notunepme -pin on"
2025-12-07 17:56:27,akya9,12,2,12,1,yes,0,0,68,144.752,Success,"gmx mdrun -s md_0_250ns_nohmr.tpr -ntmpi 2 -ntomp 12 -nb gpu -pme gpu -bonded cpu -npme 1 -gpu_id 0 -nsteps 50000 -noconfout -dlb yes"
2025-12-08 00:51:02,akya5,130,5,8,1,yes,0,1,62,159.308,Success,"gmx mdrun -s md_0_250ns_nohmr.tpr -ntmpi 5 -ntomp 8 -nb gpu -pme gpu -bonded cpu -npme 1 -gpu_id 0 -nsteps 50000 -noconfout -dlb yes -pin on"
2025-12-08 00:52:35,akya5,134,6,4,1,yes,0,1,64,155.045,Success,"gmx mdrun -s md_0_250ns_nohmr.tpr -ntmpi 6 -ntomp 4 -nb gpu -pme gpu -bonded gpu -npme 1 -gpu_id 0 -nsteps 50000 -noconfout -dlb yes -pin on"
2025-12-08 00:52:34,akya9,135,6,4,1,yes,1,0,63,157.968,Success,"gmx mdrun -s md_0_250ns_nohmr.tpr -ntmpi 6 -ntomp 4 -nb gpu -pme gpu -bonded cpu -npme 1 -gpu_id 0 -nsteps 50000 -noconfout -dlb yes -notunepme"
2025-12-08 00:54:21,akya5,138,6,4,2,yes,0,1,49,215.858,Success,"gmx mdrun -s md_0_250ns_nohmr.tpr -ntmpi 6 -ntomp 4 -nb gpu -pme gpu -bonded gpu -npme 1 -gpu_id 01 -nsteps 50000 -noconfout -dlb yes -pin on"
2025-12-08 00:54:37,akya9,139,6,5,1,yes,1,0,65,154.211,Success,"gmx mdrun -s md_0_250ns_nohmr.tpr -ntmpi 6 -ntomp 5 -nb gpu -pme gpu -bonded gpu -npme 1 -gpu_id 0 -nsteps 50000 -noconfout -dlb yes -notunepme"
2025-12-07 17:57:21,akya2,13,2,12,1,yes,1,1,61,162.353,Success,"gmx mdrun -s md_0_250ns_nohmr.tpr -ntmpi 2 -ntomp 12 -nb gpu -pme gpu -bonded cpu -npme 1 -gpu_id 0 -nsteps 50000 -noconfout -dlb yes -notunepme -pin on"
2025-12-08 00:55:34,akya5,140,6,5,1,yes,0,0,61,164.237,Success,"gmx mdrun -s md_0_250ns_nohmr.tpr -ntmpi 6 -ntomp 5 -nb gpu -pme gpu -bonded cpu -npme 1 -gpu_id 0 -nsteps 50000 -noconfout -dlb yes"
2025-12-08 00:56:05,akya9,141,6,5,1,yes,1,1,62,162.935,Success,"gmx mdrun -s md_0_250ns_nohmr.tpr -ntmpi 6 -ntomp 5 -nb gpu -pme gpu -bonded cpu -npme 1 -gpu_id 0 -nsteps 50000 -noconfout -dlb yes -notunepme -pin on"
2025-12-08 00:57:31,akya5,143,6,5,2,yes,1,0,56,180.117,Success,"gmx mdrun -s md_0_250ns_nohmr.tpr -ntmpi 6 -ntomp 5 -nb gpu -pme gpu -bonded gpu -npme 1 -gpu_id 01 -nsteps 50000 -noconfout -dlb yes -notunepme"
2025-12-08 00:57:37,akya9,144,6,6,1,yes,0,0,62,161.087,Success,"gmx mdrun -s md_0_250ns_nohmr.tpr -ntmpi 6 -ntomp 6 -nb gpu -pme gpu -bonded gpu -npme 1 -gpu_id 0 -nsteps 50000 -noconfout -dlb yes"
2025-12-08 00:58:38,akya5,145,6,6,1,yes,1,1,63,158.272,Success,"gmx mdrun -s md_0_250ns_nohmr.tpr -ntmpi 6 -ntomp 6 -nb gpu -pme gpu -bonded gpu -npme 1 -gpu_id 0 -nsteps 50000 -noconfout -dlb yes -notunepme -pin on"
2025-12-08 01:00:08,akya5,146,6,6,1,yes,0,1,61,164.252,Success,"gmx mdrun -s md_0_250ns_nohmr.tpr -ntmpi 6 -ntomp 6 -nb gpu -pme gpu -bonded cpu -npme 1 -gpu_id 0 -nsteps 50000 -noconfout -dlb yes -pin on"
2025-12-08 01:02:05,akya5,148,6,6,2,yes,0,0,57,178.985,Success,"gmx mdrun -s md_0_250ns_nohmr.tpr -ntmpi 6 -ntomp 6 -nb gpu -pme gpu -bonded gpu -npme 1 -gpu_id 01 -nsteps 50000 -noconfout -dlb yes"
2025-12-08 01:02:55,akya5,149,6,6,2,yes,1,1,46,227.789,Success,"gmx mdrun -s md_0_250ns_nohmr.tpr -ntmpi 6 -ntomp 6 -nb gpu -pme gpu -bonded gpu -npme 1 -gpu_id 01 -nsteps 50000 -noconfout -dlb yes -notunepme -pin on"
2025-12-08 01:04:21,akya5,150,7,3,1,yes,0,1,71,137.367,Success,"gmx mdrun -s md_0_250ns_nohmr.tpr -ntmpi 7 -ntomp 3 -nb gpu -pme gpu -bonded gpu -npme 1 -gpu_id 0 -nsteps 50000 -noconfout -dlb yes -pin on"
2025-12-08 01:05:49,akya5,151,7,3,1,yes,1,0,69,144.788,Success,"gmx mdrun -s md_0_250ns_nohmr.tpr -ntmpi 7 -ntomp 3 -nb gpu -pme gpu -bonded cpu -npme 1 -gpu_id 0 -nsteps 50000 -noconfout -dlb yes -notunepme"
2025-12-08 01:08:52,akya5,155,7,4,1,yes,1,0,69,141.597,Success,"gmx mdrun -s md_0_250ns_nohmr.tpr -ntmpi 7 -ntomp 4 -nb gpu -pme gpu -bonded gpu -npme 1 -gpu_id 0 -nsteps 50000 -noconfout -dlb yes -notunepme"
2025-12-08 01:10:24,akya5,156,7,4,1,yes,0,0,70,140.263,Success,"gmx mdrun -s md_0_250ns_nohmr.tpr -ntmpi 7 -ntomp 4 -nb gpu -pme gpu -bonded cpu -npme 1 -gpu_id 0 -nsteps 50000 -noconfout -dlb yes"
2025-12-08 01:11:50,akya5,157,7,4,1,yes,1,1,65,150.421,Success,"gmx mdrun -s md_0_250ns_nohmr.tpr -ntmpi 7 -ntomp 4 -nb gpu -pme gpu -bonded cpu -npme 1 -gpu_id 0 -nsteps 50000 -noconfout -dlb yes -notunepme -pin on"
2025-12-07 17:58:20,akya9,15,2,12,2,yes,1,0,60,166.995,Success,"gmx mdrun -s md_0_250ns_nohmr.tpr -ntmpi 2 -ntomp 12 -nb gpu -pme gpu -bonded gpu -npme 1 -gpu_id 01 -nsteps 50000 -noconfout -dlb yes -notunepme"
2025-12-08 01:14:32,akya5,160,7,5,1,yes,0,0,76,129.154,Success,"gmx mdrun -s md_0_250ns_nohmr.tpr -ntmpi 7 -ntomp 5 -nb gpu -pme gpu -bonded gpu -npme 1 -gpu_id 0 -nsteps 50000 -noconfout -dlb yes"
2025-12-08 01:15:57,akya5,161,7,5,1,yes,1,1,69,142.201,Success,"gmx mdrun -s md_0_250ns_nohmr.tpr -ntmpi 7 -ntomp 5 -nb gpu -pme gpu -bonded gpu -npme 1 -gpu_id 0 -nsteps 50000 -noconfout -dlb yes -notunepme -pin on"
2025-12-08 01:17:27,akya5,162,7,5,1,yes,0,1,68,144.065,Success,"gmx mdrun -s md_0_250ns_nohmr.tpr -ntmpi 7 -ntomp 5 -nb gpu -pme gpu -bonded cpu -npme 1 -gpu_id 0 -nsteps 50000 -noconfout -dlb yes -pin on"
2025-12-08 01:20:31,akya5,166,8,3,1,yes,0,1,71,138.075,Success,"gmx mdrun -s md_0_250ns_nohmr.tpr -ntmpi 8 -ntomp 3 -nb gpu -pme gpu -bonded gpu -npme 1 -gpu_id 0 -nsteps 50000 -noconfout -dlb yes -pin on"
2025-12-08 01:22:01,akya5,167,8,3,1,yes,1,0,69,142.023,Success,"gmx mdrun -s md_0_250ns_nohmr.tpr -ntmpi 8 -ntomp 3 -nb gpu -pme gpu -bonded cpu -npme 1 -gpu_id 0 -nsteps 50000 -noconfout -dlb yes -notunepme"
2025-12-07 17:59:03,akya2,16,2,13,1,yes,0,0,73,133.628,Success,"gmx mdrun -s md_0_250ns_nohmr.tpr -ntmpi 2 -ntomp 13 -nb gpu -pme gpu -bonded gpu -npme 1 -gpu_id 0 -nsteps 50000 -noconfout -dlb yes"
2025-12-08 01:24:19,akya5,170,8,3,2,yes,0,1,56,183.316,Success,"gmx mdrun -s md_0_250ns_nohmr.tpr -ntmpi 8 -ntomp 3 -nb gpu -pme gpu -bonded gpu -npme 1 -gpu_id 01 -nsteps 50000 -noconfout -dlb yes -pin on"
2025-12-08 01:25:31,akya5,171,8,4,1,yes,1,0,67,147.086,Success,"gmx mdrun -s md_0_250ns_nohmr.tpr -ntmpi 8 -ntomp 4 -nb gpu -pme gpu -bonded gpu -npme 1 -gpu_id 0 -nsteps 50000 -noconfout -dlb yes -notunepme"
2025-12-08 01:27:04,akya5,172,8,4,1,yes,0,0,69,142.341,Success,"gmx mdrun -s md_0_250ns_nohmr.tpr -ntmpi 8 -ntomp 4 -nb gpu -pme gpu -bonded cpu -npme 1 -gpu_id 0 -nsteps 50000 -noconfout -dlb yes"
2025-12-08 01:28:33,akya5,173,8,4,1,yes,1,1,67,147.980,Success,"gmx mdrun -s md_0_250ns_nohmr.tpr -ntmpi 8 -ntomp 4 -nb gpu -pme gpu -bonded cpu -npme 1 -gpu_id 0 -nsteps 50000 -noconfout -dlb yes -notunepme -pin on"
2025-12-08 01:30:17,akya5,175,8,4,2,yes,1,0,50,207.467,Success,"gmx mdrun -s md_0_250ns_nohmr.tpr -ntmpi 8 -ntomp 4 -nb gpu -pme gpu -bonded gpu -npme 1 -gpu_id 01 -nsteps 50000 -noconfout -dlb yes -notunepme"
2025-12-08 01:31:38,akya5,176,8,5,1,yes,0,0,70,142.111,Success,"gmx mdrun -s md_0_250ns_nohmr.tpr -ntmpi 8 -ntomp 5 -nb gpu -pme gpu -bonded gpu -npme 1 -gpu_id 0 -nsteps 50000 -noconfout -dlb yes"
2025-12-08 01:33:06,akya5,177,8,5,1,yes,1,1,67,149.268,Success,"gmx mdrun -s md_0_250ns_nohmr.tpr -ntmpi 8 -ntomp 5 -nb gpu -pme gpu -bonded gpu -npme 1 -gpu_id 0 -nsteps 50000 -noconfout -dlb yes -notunepme -pin on"
2025-12-08 01:34:40,akya5,178,8,5,1,yes,0,1,70,140.803,Success,"gmx mdrun -s md_0_250ns_nohmr.tpr -ntmpi 8 -ntomp 5 -nb gpu -pme gpu -bonded cpu -npme 1 -gpu_id 0 -nsteps 50000 -noconfout -dlb yes -pin on"
2025-12-07 17:59:56,akya9,17,2,13,1,yes,1,1,64,154.367,Success,"gmx mdrun -s md_0_250ns_nohmr.tpr -ntmpi 2 -ntomp 13 -nb gpu -pme gpu -bonded gpu -npme 1 -gpu_id 0 -nsteps 50000 -noconfout -dlb yes -notunepme -pin on"
2025-12-08 01:36:23,akya5,180,8,5,2,yes,0,0,52,200.522,Success,"gmx mdrun -s md_0_250ns_nohmr.tpr -ntmpi 8 -ntomp 5 -nb gpu -pme gpu -bonded gpu -npme 1 -gpu_id 01 -nsteps 50000 -noconfout -dlb yes"
2025-12-08 01:37:20,akya5,181,8,5,2,yes,1,1,48,220.076,Success,"gmx mdrun -s md_0_250ns_nohmr.tpr -ntmpi 8 -ntomp 5 -nb gpu -pme gpu -bonded gpu -npme 1 -gpu_id 01 -nsteps 50000 -noconfout -dlb yes -notunepme -pin on"
2025-12-08 01:38:44,akya5,182,9,3,1,yes,0,1,71,137.540,Success,"gmx mdrun -s md_0_250ns_nohmr.tpr -ntmpi 9 -ntomp 3 -nb gpu -pme gpu -bonded gpu -npme 1 -gpu_id 0 -nsteps 50000 -noconfout -dlb yes -pin on"
2025-12-08 01:40:14,akya5,183,9,3,1,yes,1,0,70,139.344,Success,"gmx mdrun -s md_0_250ns_nohmr.tpr -ntmpi 9 -ntomp 3 -nb gpu -pme gpu -bonded cpu -npme 1 -gpu_id 0 -nsteps 50000 -noconfout -dlb yes -notunepme"
2025-12-08 01:43:16,akya5,187,9,4,1,yes,1,0,71,138.913,Success,"gmx mdrun -s md_0_250ns_nohmr.tpr -ntmpi 9 -ntomp 4 -nb gpu -pme gpu -bonded gpu -npme 1 -gpu_id 0 -nsteps 50000 -noconfout -dlb yes -notunepme"
2025-12-08 01:44:53,akya5,188,9,4,1,yes,0,0,77,126.349,Success,"gmx mdrun -s md_0_250ns_nohmr.tpr -ntmpi 9 -ntomp 4 -nb gpu -pme gpu -bonded cpu -npme 1 -gpu_id 0 -nsteps 50000 -noconfout -dlb yes"
2025-12-08 01:46:16,akya5,189,9,4,1,yes,1,1,69,143.265,Success,"gmx mdrun -s md_0_250ns_nohmr.tpr -ntmpi 9 -ntomp 4 -nb gpu -pme gpu -bonded cpu -npme 1 -gpu_id 0 -nsteps 50000 -noconfout -dlb yes -notunepme -pin on"
2025-12-07 18:00:26,akya2,18,2,13,1,yes,0,1,64,153.294,Success,"gmx mdrun -s md_0_250ns_nohmr.tpr -ntmpi 2 -ntomp 13 -nb gpu -pme gpu -bonded cpu -npme 1 -gpu_id 0 -nsteps 50000 -noconfout -dlb yes -pin on"
2025-12-08 01:48:57,akya5,192,10,2,1,yes,0,0,78,124.128,Success,"gmx mdrun -s md_0_250ns_nohmr.tpr -ntmpi 10 -ntomp 2 -nb gpu -pme gpu -bonded gpu -npme 1 -gpu_id 0 -nsteps 50000 -noconfout -dlb yes"
2025-12-08 01:50:27,akya5,193,10,2,1,yes,1,1,76,126.469,Success,"gmx mdrun -s md_0_250ns_nohmr.tpr -ntmpi 10 -ntomp 2 -nb gpu -pme gpu -bonded gpu -npme 1 -gpu_id 0 -nsteps 50000 -noconfout -dlb yes -notunepme -pin on"
2025-12-08 01:51:55,akya5,194,10,2,1,yes,0,1,74,130.857,Success,"gmx mdrun -s md_0_250ns_nohmr.tpr -ntmpi 10 -ntomp 2 -nb gpu -pme gpu -bonded cpu -npme 1 -gpu_id 0 -nsteps 50000 -noconfout -dlb yes -pin on"
2025-12-08 01:53:45,akya5,196,10,2,2,yes,0,0,63,159.023,Success,"gmx mdrun -s md_0_250ns_nohmr.tpr -ntmpi 10 -ntomp 2 -nb gpu -pme gpu -bonded gpu -npme 1 -gpu_id 01 -nsteps 50000 -noconfout -dlb yes"
2025-12-08 01:55:16,akya5,197,10,2,2,yes,1,1,63,160.002,Success,"gmx mdrun -s md_0_250ns_nohmr.tpr -ntmpi 10 -ntomp 2 -nb gpu -pme gpu -bonded gpu -npme 1 -gpu_id 01 -nsteps 50000 -noconfout -dlb yes -notunepme -pin on"
2025-12-08 01:57:02,akya5,198,10,3,1,yes,0,1,78,125.408,Success,"gmx mdrun -s md_0_250ns_nohmr.tpr -ntmpi 10 -ntomp 3 -nb gpu -pme gpu -bonded gpu -npme 1 -gpu_id 0 -nsteps 50000 -noconfout -dlb yes -pin on"
2025-12-08 01:58:29,akya5,199,10,3,1,yes,1,0,74,131.459,Success,"gmx mdrun -s md_0_250ns_nohmr.tpr -ntmpi 10 -ntomp 3 -nb gpu -pme gpu -bonded cpu -npme 1 -gpu_id 0 -nsteps 50000 -noconfout -dlb yes -notunepme"
2025-12-07 17:49:50,akya9,1,2,10,1,yes,1,1,66,150.954,Success,"gmx mdrun -s md_0_250ns_nohmr.tpr -ntmpi 2 -ntomp 10 -nb gpu -pme gpu -bonded gpu -npme 1 -gpu_id 0 -nsteps 50000 -noconfout -dlb yes -notunepme -pin on"
2025-12-08 02:00:49,akya5,202,10,3,2,yes,0,1,63,160.066,Success,"gmx mdrun -s md_0_250ns_nohmr.tpr -ntmpi 10 -ntomp 3 -nb gpu -pme gpu -bonded gpu -npme 1 -gpu_id 01 -nsteps 50000 -noconfout -dlb yes -pin on"
2025-12-08 02:01:00,akya9,203,10,4,1,yes,1,0,74,132.981,Success,"gmx mdrun -s md_0_250ns_nohmr.tpr -ntmpi 10 -ntomp 4 -nb gpu -pme gpu -bonded gpu -npme 1 -gpu_id 0 -nsteps 50000 -noconfout -dlb yes -notunepme"
2025-12-08 02:02:35,akya5,204,10,4,1,yes,0,0,77,125.889,Success,"gmx mdrun -s md_0_250ns_nohmr.tpr -ntmpi 10 -ntomp 4 -nb gpu -pme gpu -bonded cpu -npme 1 -gpu_id 0 -nsteps 50000 -noconfout -dlb yes"
2025-12-08 02:02:32,akya9,205,10,4,1,yes,1,1,74,131.779,Success,"gmx mdrun -s md_0_250ns_nohmr.tpr -ntmpi 10 -ntomp 4 -nb gpu -pme gpu -bonded cpu -npme 1 -gpu_id 0 -nsteps 50000 -noconfout -dlb yes -notunepme -pin on"
2025-12-08 02:03:44,akya9,207,10,4,2,yes,1,0,55,182.631,Success,"gmx mdrun -s md_0_250ns_nohmr.tpr -ntmpi 10 -ntomp 4 -nb gpu -pme gpu -bonded gpu -npme 1 -gpu_id 01 -nsteps 50000 -noconfout -dlb yes -notunepme"
2025-12-08 02:04:33,akya5,208,11,2,1,yes,0,0,74,131.775,Success,"gmx mdrun -s md_0_250ns_nohmr.tpr -ntmpi 11 -ntomp 2 -nb gpu -pme gpu -bonded gpu -npme 1 -gpu_id 0 -nsteps 50000 -noconfout -dlb yes"
2025-12-08 02:05:01,akya9,209,11,2,1,yes,1,1,72,137.327,Success,"gmx mdrun -s md_0_250ns_nohmr.tpr -ntmpi 11 -ntomp 2 -nb gpu -pme gpu -bonded gpu -npme 1 -gpu_id 0 -nsteps 50000 -noconfout -dlb yes -notunepme -pin on"
2025-12-07 18:01:54,akya2,20,2,13,2,yes,0,0,62,160.980,Success,"gmx mdrun -s md_0_250ns_nohmr.tpr -ntmpi 2 -ntomp 13 -nb gpu -pme gpu -bonded gpu -npme 1 -gpu_id 01 -nsteps 50000 -noconfout -dlb yes"
2025-12-08 02:06:07,akya5,210,11,2,1,yes,0,1,77,125.807,Success,"gmx mdrun -s md_0_250ns_nohmr.tpr -ntmpi 11 -ntomp 2 -nb gpu -pme gpu -bonded cpu -npme 1 -gpu_id 0 -nsteps 50000 -noconfout -dlb yes -pin on"
2025-12-08 02:07:37,akya9,214,11,3,1,yes,0,1,76,127.299,Success,"gmx mdrun -s md_0_250ns_nohmr.tpr -ntmpi 11 -ntomp 3 -nb gpu -pme gpu -bonded gpu -npme 1 -gpu_id 0 -nsteps 50000 -noconfout -dlb yes -pin on"
2025-12-08 02:08:13,akya5,215,11,3,1,yes,1,0,82,117.897,Success,"gmx mdrun -s md_0_250ns_nohmr.tpr -ntmpi 11 -ntomp 3 -nb gpu -pme gpu -bonded cpu -npme 1 -gpu_id 0 -nsteps 50000 -noconfout -dlb yes -notunepme"
2025-12-07 18:01:46,akya9,21,2,13,2,yes,1,1,54,189.734,Success,"gmx mdrun -s md_0_250ns_nohmr.tpr -ntmpi 2 -ntomp 13 -nb gpu -pme gpu -bonded gpu -npme 1 -gpu_id 01 -nsteps 50000 -noconfout -dlb yes -notunepme -pin on"
2025-12-07 18:03:01,akya9,22,2,14,1,yes,0,1,68,145.859,Success,"gmx mdrun -s md_0_250ns_nohmr.tpr -ntmpi 2 -ntomp 14 -nb gpu -pme gpu -bonded gpu -npme 1 -gpu_id 0 -nsteps 50000 -noconfout -dlb yes -pin on"
2025-12-08 02:12:48,akya9,230,13,2,1,yes,0,1,84,114.460,Success,"gmx mdrun -s md_0_250ns_nohmr.tpr -ntmpi 13 -ntomp 2 -nb gpu -pme gpu -bonded gpu -npme 1 -gpu_id 0 -nsteps 50000 -noconfout -dlb yes -pin on"
2025-12-08 02:13:23,akya5,231,13,2,1,yes,1,0,88,107.738,Success,"gmx mdrun -s md_0_250ns_nohmr.tpr -ntmpi 13 -ntomp 2 -nb gpu -pme gpu -bonded cpu -npme 1 -gpu_id 0 -nsteps 50000 -noconfout -dlb yes -notunepme"
2025-12-08 02:15:20,akya5,235,13,3,1,yes,1,0,84,114.067,Success,"gmx mdrun -s md_0_250ns_nohmr.tpr -ntmpi 13 -ntomp 3 -nb gpu -pme gpu -bonded gpu -npme 1 -gpu_id 0 -nsteps 50000 -noconfout -dlb yes -notunepme"
2025-12-08 02:15:27,akya9,236,13,3,1,yes,0,0,91,104.861,Success,"gmx mdrun -s md_0_250ns_nohmr.tpr -ntmpi 13 -ntomp 3 -nb gpu -pme gpu -bonded cpu -npme 1 -gpu_id 0 -nsteps 50000 -noconfout -dlb yes"
2025-12-08 02:16:55,akya5,237,13,3,1,yes,1,1,88,108.703,Success,"gmx mdrun -s md_0_250ns_nohmr.tpr -ntmpi 13 -ntomp 3 -nb gpu -pme gpu -bonded cpu -npme 1 -gpu_id 0 -nsteps 50000 -noconfout -dlb yes -notunepme -pin on"
2025-12-07 18:03:28,akya2,23,2,14,1,yes,1,0,65,154.130,Success,"gmx mdrun -s md_0_250ns_nohmr.tpr -ntmpi 2 -ntomp 14 -nb gpu -pme gpu -bonded cpu -npme 1 -gpu_id 0 -nsteps 50000 -noconfout -dlb yes -notunepme"
2025-12-08 02:20:07,akya5,246,15,2,1,yes,0,1,98,97.298,Success,"gmx mdrun -s md_0_250ns_nohmr.tpr -ntmpi 15 -ntomp 2 -nb gpu -pme gpu -bonded gpu -npme 1 -gpu_id 0 -nsteps 50000 -noconfout -dlb yes -pin on"
2025-12-08 02:20:15,akya9,247,15,2,1,yes,1,0,106,88.745,Success,"gmx mdrun -s md_0_250ns_nohmr.tpr -ntmpi 15 -ntomp 2 -nb gpu -pme gpu -bonded cpu -npme 1 -gpu_id 0 -nsteps 50000 -noconfout -dlb yes -notunepme"
2025-12-08 02:22:39,akya9,251,16,2,1,yes,1,0,98,96.281,Success,"gmx mdrun -s md_0_250ns_nohmr.tpr -ntmpi 16 -ntomp 2 -nb gpu -pme gpu -bonded gpu -npme 1 -gpu_id 0 -nsteps 50000 -noconfout -dlb yes -notunepme"
2025-12-08 02:23:20,akya5,252,16,2,1,yes,0,0,108,86.226,Success,"gmx mdrun -s md_0_250ns_nohmr.tpr -ntmpi 16 -ntomp 2 -nb gpu -pme gpu -bonded cpu -npme 1 -gpu_id 0 -nsteps 50000 -noconfout -dlb yes"
2025-12-08 02:24:44,akya9,253,16,2,1,yes,1,1,101,93.010,Success,"gmx mdrun -s md_0_250ns_nohmr.tpr -ntmpi 16 -ntomp 2 -nb gpu -pme gpu -bonded cpu -npme 1 -gpu_id 0 -nsteps 50000 -noconfout -dlb yes -notunepme -pin on"
2025-12-08 02:25:05,akya5,255,16,2,2,yes,1,0,61,163.986,Success,"gmx mdrun -s md_0_250ns_nohmr.tpr -ntmpi 16 -ntomp 2 -nb gpu -pme gpu -bonded gpu -npme 1 -gpu_id 01 -nsteps 50000 -noconfout -dlb yes -notunepme"
2025-12-08 02:26:49,akya9,256,17,2,1,yes,0,0,104,90.197,Success,"gmx mdrun -s md_0_250ns_nohmr.tpr -ntmpi 17 -ntomp 2 -nb gpu -pme gpu -bonded gpu -npme 1 -gpu_id 0 -nsteps 50000 -noconfout -dlb yes"
2025-12-08 02:27:13,akya5,257,17,2,1,yes,1,1,98,96.049,Success,"gmx mdrun -s md_0_250ns_nohmr.tpr -ntmpi 17 -ntomp 2 -nb gpu -pme gpu -bonded gpu -npme 1 -gpu_id 0 -nsteps 50000 -noconfout -dlb yes -notunepme -pin on"
2025-12-08 02:28:53,akya9,258,17,2,1,yes,0,1,107,87.813,Success,"gmx mdrun -s md_0_250ns_nohmr.tpr -ntmpi 17 -ntomp 2 -nb gpu -pme gpu -bonded cpu -npme 1 -gpu_id 0 -nsteps 50000 -noconfout -dlb yes -pin on"
2025-12-08 02:32:23,akya9,267,19,2,1,yes,1,0,135,68.340,Success,"gmx mdrun -s md_0_250ns_nohmr.tpr -ntmpi 19 -ntomp 2 -nb gpu -pme gpu -bonded gpu -npme 1 -gpu_id 0 -nsteps 50000 -noconfout -dlb yes -notunepme"
2025-12-08 02:33:10,akya5,268,19,2,1,yes,0,0,151,60.427,Success,"gmx mdrun -s md_0_250ns_nohmr.tpr -ntmpi 19 -ntomp 2 -nb gpu -pme gpu -bonded cpu -npme 1 -gpu_id 0 -nsteps 50000 -noconfout -dlb yes"
2025-12-08 02:35:04,akya9,269,19,2,1,yes,1,1,143,64.344,Success,"gmx mdrun -s md_0_250ns_nohmr.tpr -ntmpi 19 -ntomp 2 -nb gpu -pme gpu -bonded cpu -npme 1 -gpu_id 0 -nsteps 50000 -noconfout -dlb yes -notunepme -pin on"
2025-12-07 18:04:50,akya9,26,2,14,2,yes,0,1,56,181.785,Success,"gmx mdrun -s md_0_250ns_nohmr.tpr -ntmpi 2 -ntomp 14 -nb gpu -pme gpu -bonded gpu -npme 1 -gpu_id 01 -nsteps 50000 -noconfout -dlb yes -pin on"
2025-12-07 18:05:32,akya2,27,2,15,1,yes,1,0,67,146.231,Success,"gmx mdrun -s md_0_250ns_nohmr.tpr -ntmpi 2 -ntomp 15 -nb gpu -pme gpu -bonded gpu -npme 1 -gpu_id 0 -nsteps 50000 -noconfout -dlb yes -notunepme"
2025-12-08 02:39:42,akya5,283,21,1,1,yes,1,0,118,79.357,Success,"gmx mdrun -s md_0_250ns_nohmr.tpr -ntmpi 21 -ntomp 1 -nb gpu -pme gpu -bonded gpu -npme 1 -gpu_id 0 -nsteps 50000 -noconfout -dlb yes -notunepme"
2025-12-08 02:39:51,akya9,284,21,1,1,yes,0,0,127,72.981,Success,"gmx mdrun -s md_0_250ns_nohmr.tpr -ntmpi 21 -ntomp 1 -nb gpu -pme gpu -bonded cpu -npme 1 -gpu_id 0 -nsteps 50000 -noconfout -dlb yes"
2025-12-08 02:41:52,akya5,285,21,1,1,yes,1,1,126,73.431,Success,"gmx mdrun -s md_0_250ns_nohmr.tpr -ntmpi 21 -ntomp 1 -nb gpu -pme gpu -bonded cpu -npme 1 -gpu_id 0 -nsteps 50000 -noconfout -dlb yes -notunepme -pin on"
2025-12-07 18:06:04,akya9,28,2,15,1,yes,0,0,69,142.685,Success,"gmx mdrun -s md_0_250ns_nohmr.tpr -ntmpi 2 -ntomp 15 -nb gpu -pme gpu -bonded cpu -npme 1 -gpu_id 0 -nsteps 50000 -noconfout -dlb yes"
2025-12-07 18:06:56,akya2,29,2,15,1,yes,1,1,60,166.026,Success,"gmx mdrun -s md_0_250ns_nohmr.tpr -ntmpi 2 -ntomp 15 -nb gpu -pme gpu -bonded cpu -npme 1 -gpu_id 0 -nsteps 50000 -noconfout -dlb yes -notunepme -pin on"
2025-12-07 17:51:21,akya2,2,2,10,1,yes,0,1,65,150.031,Success,"gmx mdrun -s md_0_250ns_nohmr.tpr -ntmpi 2 -ntomp 10 -nb gpu -pme gpu -bonded cpu -npme 1 -gpu_id 0 -nsteps 50000 -noconfout -dlb yes -pin on"
2025-12-08 03:05:04,akya5,306,25,1,1,yes,0,1,181,49.961,Success,"gmx mdrun -s md_0_250ns_nohmr.tpr -ntmpi 25 -ntomp 1 -nb gpu -pme gpu -bonded cpu -npme 1 -gpu_id 0 -nsteps 50000 -noconfout -dlb yes -pin on"
2025-12-08 03:04:50,akya6,310,26,1,1,yes,0,1,137,67.193,Success,"gmx mdrun -s md_0_250ns_nohmr.tpr -ntmpi 26 -ntomp 1 -nb gpu -pme gpu -bonded gpu -npme 1 -gpu_id 0 -nsteps 50000 -noconfout -dlb yes -pin on"
2025-12-08 03:05:08,akya9,311,26,1,1,yes,1,0,155,58.811,Success,"gmx mdrun -s md_0_250ns_nohmr.tpr -ntmpi 26 -ntomp 1 -nb gpu -pme gpu -bonded cpu -npme 1 -gpu_id 0 -nsteps 50000 -noconfout -dlb yes -notunepme"
2025-12-08 03:04:56,akya10,314,26,1,2,yes,0,1,82,116.982,Success,"gmx mdrun -s md_0_250ns_nohmr.tpr -ntmpi 26 -ntomp 1 -nb gpu -pme gpu -bonded gpu -npme 1 -gpu_id 01 -nsteps 50000 -noconfout -dlb yes -pin on"
2025-12-07 18:07:55,akya9,31,2,15,2,yes,1,0,59,173.648,Success,"gmx mdrun -s md_0_250ns_nohmr.tpr -ntmpi 2 -ntomp 15 -nb gpu -pme gpu -bonded gpu -npme 1 -gpu_id 01 -nsteps 50000 -noconfout -dlb yes -notunepme"
2025-12-08 03:09:02,akya10,320,28,1,1,yes,0,0,207,43.645,Success,"gmx mdrun -s md_0_250ns_nohmr.tpr -ntmpi 28 -ntomp 1 -nb gpu -pme gpu -bonded gpu -npme 1 -gpu_id 0 -nsteps 50000 -noconfout -dlb yes"
2025-12-08 03:09:22,akya9,321,28,1,1,yes,1,1,196,45.956,Success,"gmx mdrun -s md_0_250ns_nohmr.tpr -ntmpi 28 -ntomp 1 -nb gpu -pme gpu -bonded gpu -npme 1 -gpu_id 0 -nsteps 50000 -noconfout -dlb yes -notunepme -pin on"
2025-12-08 03:08:05,akya6,324,28,1,2,yes,0,0,119,78.309,Success,"gmx mdrun -s md_0_250ns_nohmr.tpr -ntmpi 28 -ntomp 1 -nb gpu -pme gpu -bonded gpu -npme 1 -gpu_id 01 -nsteps 50000 -noconfout -dlb yes"
2025-12-08 03:08:27,akya5,325,28,1,2,yes,1,1,111,84.528,Success,"gmx mdrun -s md_0_250ns_nohmr.tpr -ntmpi 28 -ntomp 1 -nb gpu -pme gpu -bonded gpu -npme 1 -gpu_id 01 -nsteps 50000 -noconfout -dlb yes -notunepme -pin on"
2025-12-07 18:09:09,akya9,32,2,16,1,yes,0,0,72,136.202,Success,"gmx mdrun -s md_0_250ns_nohmr.tpr -ntmpi 2 -ntomp 16 -nb gpu -pme gpu -bonded gpu -npme 1 -gpu_id 0 -nsteps 50000 -noconfout -dlb yes"
2025-12-08 03:13:36,akya10,336,31,1,1,yes,0,0,207,43.630,Success,"gmx mdrun -s md_0_250ns_nohmr.tpr -ntmpi 31 -ntomp 1 -nb gpu -pme gpu -bonded gpu -npme 1 -gpu_id 0 -nsteps 50000 -noconfout -dlb yes"
2025-12-07 18:10:31,akya9,33,2,16,1,yes,1,1,63,158.277,Success,"gmx mdrun -s md_0_250ns_nohmr.tpr -ntmpi 2 -ntomp 16 -nb gpu -pme gpu -bonded gpu -npme 1 -gpu_id 0 -nsteps 50000 -noconfout -dlb yes -notunepme -pin on"
2025-12-08 03:20:45,akya12,347,33,1,1,yes,1,0,393,36.142,Success,"gmx mdrun -s md_0_250ns_nohmr.tpr -ntmpi 33 -ntomp 1 -nb gpu -pme gpu -bonded gpu -npme 1 -gpu_id 0 -nsteps 50000 -noconfout -dlb yes -notunepme"
2025-12-08 03:18:46,akya5,348,33,1,1,yes,0,0,244,36.821,Success,"gmx mdrun -s md_0_250ns_nohmr.tpr -ntmpi 33 -ntomp 1 -nb gpu -pme gpu -bonded cpu -npme 1 -gpu_id 0 -nsteps 50000 -noconfout -dlb yes"
2025-12-08 03:18:35,akya6,349,33,1,1,yes,1,1,233,38.634,Success,"gmx mdrun -s md_0_250ns_nohmr.tpr -ntmpi 33 -ntomp 1 -nb gpu -pme gpu -bonded cpu -npme 1 -gpu_id 0 -nsteps 50000 -noconfout -dlb yes -notunepme -pin on"
2025-12-07 18:12:01,akya9,34,2,16,1,yes,0,1,62,161.968,Success,"gmx mdrun -s md_0_250ns_nohmr.tpr -ntmpi 2 -ntomp 16 -nb gpu -pme gpu -bonded cpu -npme 1 -gpu_id 0 -nsteps 50000 -noconfout -dlb yes -pin on"
2025-12-07 18:14:00,akya9,36,2,16,2,yes,0,0,59,166.947,Success,"gmx mdrun -s md_0_250ns_nohmr.tpr -ntmpi 2 -ntomp 16 -nb gpu -pme gpu -bonded gpu -npme 1 -gpu_id 01 -nsteps 50000 -noconfout -dlb yes"
2025-12-07 18:15:24,akya9,37,2,16,2,yes,1,1,52,192.950,Success,"gmx mdrun -s md_0_250ns_nohmr.tpr -ntmpi 2 -ntomp 16 -nb gpu -pme gpu -bonded gpu -npme 1 -gpu_id 01 -nsteps 50000 -noconfout -dlb yes -notunepme -pin on"
2025-12-07 18:16:49,akya9,38,3,7,1,yes,0,1,77,125.884,Success,"gmx mdrun -s md_0_250ns_nohmr.tpr -ntmpi 3 -ntomp 7 -nb gpu -pme gpu -bonded gpu -npme 1 -gpu_id 0 -nsteps 50000 -noconfout -dlb yes -pin on"
2025-12-07 18:18:09,akya9,39,3,7,1,yes,1,0,66,151.895,Success,"gmx mdrun -s md_0_250ns_nohmr.tpr -ntmpi 3 -ntomp 7 -nb gpu -pme gpu -bonded cpu -npme 1 -gpu_id 0 -nsteps 50000 -noconfout -dlb yes -notunepme"
2025-12-07 18:21:15,akya9,43,3,8,1,yes,1,0,70,139.963,Success,"gmx mdrun -s md_0_250ns_nohmr.tpr -ntmpi 3 -ntomp 8 -nb gpu -pme gpu -bonded gpu -npme 1 -gpu_id 0 -nsteps 50000 -noconfout -dlb yes -notunepme"
2025-12-07 18:22:44,akya9,44,3,8,1,yes,0,0,67,146.746,Success,"gmx mdrun -s md_0_250ns_nohmr.tpr -ntmpi 3 -ntomp 8 -nb gpu -pme gpu -bonded cpu -npme 1 -gpu_id 0 -nsteps 50000 -noconfout -dlb yes"
2025-12-07 18:24:08,akya9,45,3,8,1,yes,1,1,60,164.136,Success,"gmx mdrun -s md_0_250ns_nohmr.tpr -ntmpi 3 -ntomp 8 -nb gpu -pme gpu -bonded cpu -npme 1 -gpu_id 0 -nsteps 50000 -noconfout -dlb yes -notunepme -pin on"
2025-12-07 18:26:54,akya9,48,3,9,1,yes,0,0,75,129.447,Success,"gmx mdrun -s md_0_250ns_nohmr.tpr -ntmpi 3 -ntomp 9 -nb gpu -pme gpu -bonded gpu -npme 1 -gpu_id 0 -nsteps 50000 -noconfout -dlb yes"
2025-12-07 18:28:13,akya9,49,3,9,1,yes,1,1,63,159.400,Success,"gmx mdrun -s md_0_250ns_nohmr.tpr -ntmpi 3 -ntomp 9 -nb gpu -pme gpu -bonded gpu -npme 1 -gpu_id 0 -nsteps 50000 -noconfout -dlb yes -notunepme -pin on"
2025-12-07 17:51:51,akya9,4,2,10,2,yes,0,0,65,153.485,Success,"gmx mdrun -s md_0_250ns_nohmr.tpr -ntmpi 2 -ntomp 10 -nb gpu -pme gpu -bonded gpu -npme 1 -gpu_id 01 -nsteps 50000 -noconfout -dlb yes"
2025-12-07 18:29:49,akya9,50,3,9,1,yes,0,1,67,147.954,Success,"gmx mdrun -s md_0_250ns_nohmr.tpr -ntmpi 3 -ntomp 9 -nb gpu -pme gpu -bonded cpu -npme 1 -gpu_id 0 -nsteps 50000 -noconfout -dlb yes -pin on"
2025-12-07 18:33:05,akya9,54,3,10,1,yes,0,1,81,119.650,Success,"gmx mdrun -s md_0_250ns_nohmr.tpr -ntmpi 3 -ntomp 10 -nb gpu -pme gpu -bonded gpu -npme 1 -gpu_id 0 -nsteps 50000 -noconfout -dlb yes -pin on"
2025-12-07 18:34:20,akya9,55,3,10,1,yes,1,0,64,155.570,Success,"gmx mdrun -s md_0_250ns_nohmr.tpr -ntmpi 3 -ntomp 10 -nb gpu -pme gpu -bonded cpu -npme 1 -gpu_id 0 -nsteps 50000 -noconfout -dlb yes -notunepme"
2025-12-07 18:37:26,akya9,59,3,11,1,yes,1,0,69,143.724,Success,"gmx mdrun -s md_0_250ns_nohmr.tpr -ntmpi 3 -ntomp 11 -nb gpu -pme gpu -bonded gpu -npme 1 -gpu_id 0 -nsteps 50000 -noconfout -dlb yes -notunepme"
2025-12-07 17:52:42,akya2,5,2,10,2,yes,1,1,56,181.617,Success,"gmx mdrun -s md_0_250ns_nohmr.tpr -ntmpi 2 -ntomp 10 -nb gpu -pme gpu -bonded gpu -npme 1 -gpu_id 01 -nsteps 50000 -noconfout -dlb yes -notunepme -pin on"
2025-12-07 18:38:53,akya9,60,3,11,1,yes,0,0,64,154.618,Success,"gmx mdrun -s md_0_250ns_nohmr.tpr -ntmpi 3 -ntomp 11 -nb gpu -pme gpu -bonded cpu -npme 1 -gpu_id 0 -nsteps 50000 -noconfout -dlb yes"
2025-12-07 18:40:20,akya9,61,3,11,1,yes,1,1,60,165.222,Success,"gmx mdrun -s md_0_250ns_nohmr.tpr -ntmpi 3 -ntomp 11 -nb gpu -pme gpu -bonded cpu -npme 1 -gpu_id 0 -nsteps 50000 -noconfout -dlb yes -notunepme -pin on"
2025-12-07 18:43:01,akya9,64,3,12,1,yes,0,0,70,139.850,Success,"gmx mdrun -s md_0_250ns_nohmr.tpr -ntmpi 3 -ntomp 12 -nb gpu -pme gpu -bonded gpu -npme 1 -gpu_id 0 -nsteps 50000 -noconfout -dlb yes"
2025-12-07 18:44:28,akya9,65,3,12,1,yes,1,1,65,150.997,Success,"gmx mdrun -s md_0_250ns_nohmr.tpr -ntmpi 3 -ntomp 12 -nb gpu -pme gpu -bonded gpu -npme 1 -gpu_id 0 -nsteps 50000 -noconfout -dlb yes -notunepme -pin on"
2025-12-07 18:46:14,akya9,66,3,12,1,yes,0,1,80,119.283,Success,"gmx mdrun -s md_0_250ns_nohmr.tpr -ntmpi 3 -ntomp 12 -nb gpu -pme gpu -bonded cpu -npme 1 -gpu_id 0 -nsteps 50000 -noconfout -dlb yes -pin on"
2025-12-07 17:53:26,akya9,6,2,11,1,yes,0,1,69,140.813,Success,"gmx mdrun -s md_0_250ns_nohmr.tpr -ntmpi 2 -ntomp 11 -nb gpu -pme gpu -bonded gpu -npme 1 -gpu_id 0 -nsteps 50000 -noconfout -dlb yes -pin on"
2025-12-07 18:49:08,akya9,70,3,13,1,yes,0,1,72,135.180,Success,"gmx mdrun -s md_0_250ns_nohmr.tpr -ntmpi 3 -ntomp 13 -nb gpu -pme gpu -bonded gpu -npme 1 -gpu_id 0 -nsteps 50000 -noconfout -dlb yes -pin on"
2025-12-07 18:50:29,akya9,71,3,13,1,yes,1,0,62,160.791,Success,"gmx mdrun -s md_0_250ns_nohmr.tpr -ntmpi 3 -ntomp 13 -nb gpu -pme gpu -bonded cpu -npme 1 -gpu_id 0 -nsteps 50000 -noconfout -dlb yes -notunepme"
2025-12-07 18:53:34,akya9,75,4,5,1,yes,1,0,65,153.810,Success,"gmx mdrun -s md_0_250ns_nohmr.tpr -ntmpi 4 -ntomp 5 -nb gpu -pme gpu -bonded gpu -npme 1 -gpu_id 0 -nsteps 50000 -noconfout -dlb yes -notunepme"
2025-12-07 18:55:09,akya9,76,4,5,1,yes,0,0,69,142.569,Success,"gmx mdrun -s md_0_250ns_nohmr.tpr -ntmpi 4 -ntomp 5 -nb gpu -pme gpu -bonded cpu -npme 1 -gpu_id 0 -nsteps 50000 -noconfout -dlb yes"
2025-12-07 18:56:34,akya9,77,4,5,1,yes,1,1,62,158.920,Success,"gmx mdrun -s md_0_250ns_nohmr.tpr -ntmpi 4 -ntomp 5 -nb gpu -pme gpu -bonded cpu -npme 1 -gpu_id 0 -nsteps 50000 -noconfout -dlb yes -notunepme -pin on"
2025-12-07 18:58:33,akya9,79,4,5,2,yes,1,0,60,168.094,Success,"gmx mdrun -s md_0_250ns_nohmr.tpr -ntmpi 4 -ntomp 5 -nb gpu -pme gpu -bonded gpu -npme 1 -gpu_id 01 -nsteps 50000 -noconfout -dlb yes -notunepme"
2025-12-07 17:53:55,akya2,7,2,11,1,yes,1,0,68,143.347,Success,"gmx mdrun -s md_0_250ns_nohmr.tpr -ntmpi 2 -ntomp 11 -nb gpu -pme gpu -bonded cpu -npme 1 -gpu_id 0 -nsteps 50000 -noconfout -dlb yes -notunepme"
2025-12-07 19:00:15,akya9,80,4,6,1,yes,0,0,71,137.176,Success,"gmx mdrun -s md_0_250ns_nohmr.tpr -ntmpi 4 -ntomp 6 -nb gpu -pme gpu -bonded gpu -npme 1 -gpu_id 0 -nsteps 50000 -noconfout -dlb yes"
2025-12-07 19:01:39,akya9,81,4,6,1,yes,1,1,64,156.288,Success,"gmx mdrun -s md_0_250ns_nohmr.tpr -ntmpi 4 -ntomp 6 -nb gpu -pme gpu -bonded gpu -npme 1 -gpu_id 0 -nsteps 50000 -noconfout -dlb yes -notunepme -pin on"
2025-12-07 19:03:16,akya9,82,4,6,1,yes,0,1,70,140.759,Success,"gmx mdrun -s md_0_250ns_nohmr.tpr -ntmpi 4 -ntomp 6 -nb gpu -pme gpu -bonded cpu -npme 1 -gpu_id 0 -nsteps 50000 -noconfout -dlb yes -pin on"
2025-12-07 19:05:07,akya9,84,4,6,2,yes,0,0,59,169.269,Success,"gmx mdrun -s md_0_250ns_nohmr.tpr -ntmpi 4 -ntomp 6 -nb gpu -pme gpu -bonded gpu -npme 1 -gpu_id 01 -nsteps 50000 -noconfout -dlb yes"
2025-12-07 19:06:33,akya9,85,4,6,2,yes,1,1,54,190.172,Success,"gmx mdrun -s md_0_250ns_nohmr.tpr -ntmpi 4 -ntomp 6 -nb gpu -pme gpu -bonded gpu -npme 1 -gpu_id 01 -nsteps 50000 -noconfout -dlb yes -notunepme -pin on"
2025-12-07 19:07:52,akya9,86,4,7,1,yes,0,1,73,135.480,Success,"gmx mdrun -s md_0_250ns_nohmr.tpr -ntmpi 4 -ntomp 7 -nb gpu -pme gpu -bonded gpu -npme 1 -gpu_id 0 -nsteps 50000 -noconfout -dlb yes -pin on"
2025-12-07 19:09:12,akya9,87,4,7,1,yes,1,0,62,162.888,Success,"gmx mdrun -s md_0_250ns_nohmr.tpr -ntmpi 4 -ntomp 7 -nb gpu -pme gpu -bonded cpu -npme 1 -gpu_id 0 -nsteps 50000 -noconfout -dlb yes -notunepme"
2025-12-07 19:11:46,akya9,90,4,7,2,yes,0,1,64,154.575,Success,"gmx mdrun -s md_0_250ns_nohmr.tpr -ntmpi 4 -ntomp 7 -nb gpu -pme gpu -bonded gpu -npme 1 -gpu_id 01 -nsteps 50000 -noconfout -dlb yes -pin on"
2025-12-07 19:13:19,akya9,91,4,8,1,yes,1,0,66,149.020,Success,"gmx mdrun -s md_0_250ns_nohmr.tpr -ntmpi 4 -ntomp 8 -nb gpu -pme gpu -bonded gpu -npme 1 -gpu_id 0 -nsteps 50000 -noconfout -dlb yes -notunepme"
2025-12-07 19:14:47,akya9,92,4,8,1,yes,0,0,63,157.834,Success,"gmx mdrun -s md_0_250ns_nohmr.tpr -ntmpi 4 -ntomp 8 -nb gpu -pme gpu -bonded cpu -npme 1 -gpu_id 0 -nsteps 50000 -noconfout -dlb yes"
2025-12-07 19:16:16,akya9,93,4,8,1,yes,1,1,61,165.020,Success,"gmx mdrun -s md_0_250ns_nohmr.tpr -ntmpi 4 -ntomp 8 -nb gpu -pme gpu -bonded cpu -npme 1 -gpu_id 0 -nsteps 50000 -noconfout -dlb yes -notunepme -pin on"
2025-12-07 19:18:15,akya9,95,4,8,2,yes,1,0,59,171.103,Success,"gmx mdrun -s md_0_250ns_nohmr.tpr -ntmpi 4 -ntomp 8 -nb gpu -pme gpu -bonded gpu -npme 1 -gpu_id 01 -nsteps 50000 -noconfout -dlb yes -notunepme"
2025-12-07 19:19:26,akya9,96,4,9,1,yes,0,0,69,143.579,Success,"gmx mdrun -s md_0_250ns_nohmr.tpr -ntmpi 4 -ntomp 9 -nb gpu -pme gpu -bonded gpu -npme 1 -gpu_id 0 -nsteps 50000 -noconfout -dlb yes"
2025-12-07 19:20:52,akya9,97,4,9,1,yes,1,1,64,157.090,Success,"gmx mdrun -s md_0_250ns_nohmr.tpr -ntmpi 4 -ntomp 9 -nb gpu -pme gpu -bonded gpu -npme 1 -gpu_id 0 -nsteps 50000 -noconfout -dlb yes -notunepme -pin on"
2025-12-07 19:22:29,akya9,98,4,9,1,yes,0,1,70,140.525,Success,"gmx mdrun -s md_0_250ns_nohmr.tpr -ntmpi 4 -ntomp 9 -nb gpu -pme gpu -bonded cpu -npme 1 -gpu_id 0 -nsteps 50000 -noconfout -dlb yes -pin on"
